{
    "Game": {
        "AudioComponent": {
            "myMaxOcclusionDistance": 1500.0,
            "mySoundOcclusionWidening": 60.0,
            "myListenerOcclusionWidening": 43.0
        },
        "CharacterControllerComponent": {
            "myJumpPower": 240.0,
            "myWalkSpeed": 424.0,
            "mySneakSpeed": 140.0,
            "myWalkAcceleration": 37.0,
            "myMaxWalkSpeed": 320.0
        }
    },
    "GameObjectManager": {
        "eulerRotation": {
            "$Industrial_Level": {
                "x": 0.0,
                "y": 0.0,
                "z": 0.0
            },
            "$PlayerGym": {
                "x": 0.0,
                "y": 0.0,
                "z": 0.0
            }
        },
        "rawDirectionalColor.rgb": {
            "$Industrial_Level": {
                "x": 0.017685506492853166,
                "y": 0.04270022362470627,
                "z": 0.07843136787414551
            },
            "$PlayerGym": {
                "x": 1.0,
                "y": 1.0,
                "z": 1.0
            },
            "$ClockCity_Level_1": {
                "x": 0.01871876046061516,
                "y": 0.04663469269871712,
                "z": 0.093137264251709
            },
            "$Industrial_level": {
                "x": 0.0235294122248888,
                "y": 0.05098039284348488,
                "z": 0.09019608050584792
            },
            "$ClockCity_level_1": {
                "x": 0.12543253600597382,
                "y": 0.20902031660079957,
                "z": 0.44117647409439089
            },
            "$ClockCity_level_2": {
                "x": 0.0203767791390419,
                "y": 0.10494723916053772,
                "z": 0.2598039507865906
            },
            "$ClockCity_Level_2": {
                "x": 0.05490196123719216,
                "y": 0.10588235408067705,
                "z": 0.2117647081613541
            },
            "$Clockcity_level_2": {
                "x": 0.0,
                "y": 0.05790061876177788,
                "z": 0.15196079015731812
            },
            "$Content Room": {
                "x": 0.19367548823356629,
                "y": 0.4262026846408844,
                "z": 0.7598038911819458
            }
        },
        "rawDirectionalColor.a": {
            "$Industrial_Level": 0.0,
            "$PlayerGym": 1.0,
            "$ClockCity_Level_1": 3.3499999046325685,
            "$Industrial_level": 2.700000047683716,
            "$ClockCity_level_1": 2.5,
            "$ClockCity_level_2": 2.799999952316284,
            "$ClockCity_Level_2": 2.5,
            "$Clockcity_level_2": 2.799999952316284,
            "$Content Room": 2.0
        },
        "rawAmbientColor.rgb": {
            "$Industrial_Level": {
                "x": 0.06437428295612335,
                "y": 0.11497507989406586,
                "z": 0.27941179275512698
            },
            "$PlayerGym": {
                "x": 1.0,
                "y": 1.0,
                "z": 1.0
            },
            "$ClockCity_Level_1": {
                "x": 0.01960784383118153,
                "y": 0.09019608050584792,
                "z": 0.2549019753932953
            },
            "$Industrial_level": {
                "x": 0.03481833636760712,
                "y": 0.14191220700740818,
                "z": 0.3382353186607361
            },
            "$ClockCity_level_1": {
                "x": 0.2908496558666229,
                "y": 0.5065000653266907,
                "z": 0.6666666269302368
            },
            "$ClockCity_level_2": {
                "x": 0.03123798593878746,
                "y": 0.0988590344786644,
                "z": 0.3186274766921997
            },
            "$ClockCity_Level_2": {
                "x": 0.04757785052061081,
                "y": 0.08676446229219437,
                "z": 0.2696078419685364
            },
            "$Clockcity_level_2": {
                "x": 0.08938871324062348,
                "y": 0.1961471289396286,
                "z": 0.6078431606292725
            },
            "$Content Room": {
                "x": 0.3111303448677063,
                "y": 0.5379303097724915,
                "z": 0.7647058963775635
            }
        },
        "rawAmbientColor.a": {
            "$Industrial_Level": 1.75,
            "$PlayerGym": 10.0,
            "$ClockCity_Level_1": 3.0,
            "$Industrial_level": 2.0,
            "$ClockCity_level_1": 1.0,
            "$ClockCity_level_2": 0.6000000238418579,
            "$ClockCity_Level_2": 2.25,
            "$Clockcity_level_2": 0.5,
            "$Content Room": 3.0
        },
        "eulerRotation.xy": {
            "$ClockCity_Level_1": {
                "x": 1126.14697265625,
                "y": 677.291015625
            },
            "$Industrial_Level": {
                "x": 508.0,
                "y": -443.0
            },
            "$Industrial_level": {
                "x": 508.0,
                "y": -443.0
            },
            "$ClockCity_level_1": {
                "x": 495.0,
                "y": 506.0
            },
            "$ClockCity_level_2": {
                "x": 139.0,
                "y": 627.0
            },
            "$ClockCity_Level_2": {
                "x": 144.0,
                "y": 685.7059936523438
            },
            "$Clockcity_level_2": {
                "x": 52.0,
                "y": 93.0
            },
            "$Content Room": {
                "x": 124.0,
                "y": 188.0
            }
        },
        "pdd.fogColor": {
            "$ClockCity_Level_1": {
                "x": 2.696078524877521e-7,
                "y": 5.279472929942131e-7,
                "z": 9.999999974752428e-7
            },
            "$Industrial_Level": {
                "x": 0.0,
                "y": 0.0,
                "z": 0.0
            },
            "$Industrial_level": {
                "x": 0.0,
                "y": 0.003921568859368563,
                "z": 0.0117647061124444
            },
            "$ClockCity_level_1": {
                "x": 0.01552287954837084,
                "y": 0.04292106628417969,
                "z": 0.093137264251709
            },
            "$ClockCity_level_2": {
                "x": 0.013696658425033093,
                "y": 0.03129841387271881,
                "z": 0.07352942228317261
            },
            "$ClockCity_Level_2": {
                "x": 0.0,
                "y": 0.0,
                "z": 0.003921568859368563
            },
            "$Clockcity_level_2": {
                "x": 0.0,
                "y": 0.0,
                "z": 0.0
            },
            "$Content Room": {
                "x": 0.0,
                "y": 0.0,
                "z": 0.0
            }
        },
        "pdd.fogMult": {
            "$ClockCity_Level_1": 2668.0,
            "$Industrial_Level": 0.0,
            "$Industrial_level": 5003.0,
            "$ClockCity_level_1": 549.0,
            "$ClockCity_level_2": 1705.0,
            "$ClockCity_Level_2": 2984.0,
            "$Clockcity_level_2": 0.0,
            "$Content Room": 0.0
        },
        "pdd.fogDensity": {
            "$ClockCity_Level_1": 1010.0,
            "$Industrial_Level": 0.0,
            "$Industrial_level": 1009.0,
            "$ClockCity_level_1": 1098.0,
            "$ClockCity_level_2": 1027.0,
            "$ClockCity_Level_2": 996.0,
            "$Clockcity_level_2": 0.0,
            "$Content Room": 0.0
        },
        "pdd.fogOffset": {
            "$ClockCity_Level_1": -75.0,
            "$Industrial_Level": 0.0,
            "$Industrial_level": -81.0,
            "$ClockCity_level_1": -836.0,
            "$ClockCity_level_2": -216.0,
            "$ClockCity_Level_2": -12.0,
            "$Clockcity_level_2": 0.0,
            "$Content Room": 0.0
        },
        "pdd.alphaThreshold": 25.0,